ENSG00000156875.13	100038096	1546
ENSG00000166136.15	100530000	1440
ENSG00000000003.14	100639991	11605
ENSG00000188157.13	1020122	1049
ENSG00000054523.17	10210804	1641
ENSG00000213809.8	10391874	4700
ENSG00000111196.9	10613623	19154
ENSG00000133135.13	106693793	27258
ENSG00000133135.13	106693793	28378
ENSG00000174429.3	106770245	17789
ENSG00000174429.3	106770245	16872
ENSG00000144057.15	106887108	7806
ENSG00000114439.18	107522935	7153
ENSG00000114439.18	107522935	7981
ENSG00000114439.18	107522935	11989
ENSG00000134215.15	107965144	20
ENSG00000130940.14	10796650	107
ENSG00000085491.15	108200849	139
ENSG00000142453.11	10871512	5116
ENSG00000134186.11	108692322	1282
ENSG00000274068.1	108963484	321
ENSG00000197780.9	109076002	248
ENSG00000076248.10	109097573	1930
ENSG00000076248.10	109097573	3581
ENSG00000143126.7	109250018	9525
ENSG00000143126.7	109250018	1155
ENSG00000134222.16	109283186	535
ENSG00000134243.11	109397951	219
ENSG00000038532.14	10944487	793
ENSG00000135596.17	109465968	1403
ENSG00000181754.6	109509738	162
ENSG00000101888.11	109535780	4112
ENSG00000101888.11	109535780	275
ENSG00000168765.15	109656080	1480
ENSG00000015568.12	109792757	1715
ENSG00000205403.12	109802179	4799
ENSG00000109534.16	109815509	5878
ENSG00000180245.4	109827993	4503
ENSG00000111199.10	109833401	4900
ENSG00000183423.11	109848201	15604
ENSG00000139433.9	109880488	8755
ENSG00000139433.9	109880488	3843
ENSG00000139433.9	109880488	3324
ENSG00000164794.8	109975847	22247
ENSG00000164794.8	109975847	16424
ENSG00000168710.17	109984685	736
ENSG00000174456.13	110073686	9466
ENSG00000149289.10	110093360	8320
ENSG00000122970.15	110124334	3789
ENSG00000188959.9	110208189	1082
ENSG00000204193.10	110337884	736
ENSG00000134248.13	110407942	296
ENSG00000139832.4	110561733	6815
ENSG00000116649.9	11060024	604
ENSG00000171824.13	11099881	217
ENSG00000171385.9	111989155	1938
ENSG00000131591.17	1116361	5480
ENSG00000091972.18	112332346	15413
ENSG00000091972.18	112332346	14177
ENSG00000251258.1	112347329	11330
ENSG00000251258.1	112347329	12867
ENSG00000143079.14	112396180	4961
ENSG00000143079.14	112396180	1861
ENSG00000134245.17	112466540	1006
ENSG00000155367.15	112715477	125
ENSG00000155380.11	112957013	585
ENSG00000155380.11	112957013	1546
ENSG00000163606.10	112975122	467
ENSG00000111335.12	112978394	4128
ENSG00000163607.14	112990917	5895
ENSG00000163607.14	112990917	503
ENSG00000163607.14	112990917	2790
ENSG00000163607.14	112990917	4696
ENSG00000163607.14	112990917	5205
ENSG00000163607.14	112990917	5961
ENSG00000163608.14	113019861	1559
ENSG00000198799.11	113073208	1062
ENSG00000170209.4	113387790	1006
ENSG00000081019.13	113812476	314
ENSG00000116774.11	113979390	1424
ENSG00000106927.11	114078472	2386
ENSG00000249853.7	114343045	2555
ENSG00000080709.14	114360944	8483
ENSG00000080709.14	114360944	7962
ENSG00000080709.14	114360944	11128
ENSG00000197323.10	114511160	913
ENSG00000116752.5	114581639	283
ENSG00000134198.9	115089500	613
ENSG00000107518.16	115093364	4710
ENSG00000107518.16	115093364	5970
ENSG00000181722.15	115147271	9543
ENSG00000175718.9	115189426	565
ENSG00000130224.14	115234072	1423
ENSG00000164219.9	115262872	11503
ENSG00000102021.10	115289726	5803
ENSG00000134259.3	115338236	25030
ENSG00000118729.11	115768781	426
ENSG00000118729.11	115768781	2692
ENSG00000215182.8	1157952	224
ENSG00000129596.4	115816954	11095
ENSG00000182752.9	116153803	2142
ENSG00000180772.6	116170721	3165
ENSG00000180772.6	116170721	2152
ENSG00000203837.4	116427866	10334
ENSG00000116815.15	116571039	162
ENSG00000110245.11	116829705	2657
ENSG00000281527.1	116849883	3016
ENSG00000185002.9	116877211	119
ENSG00000185002.9	116877211	1127
ENSG00000134247.9	116910056	1418
ENSG00000116830.11	117060302	8465
ENSG00000116830.11	117060302	1018
ENSG00000177674.15	11736083	5129
ENSG00000177674.15	11736083	4045
ENSG00000198162.12	117367448	2303
ENSG00000153989.7	117675501	5683
ENSG00000153989.7	117675501	10062
ENSG00000136869.13	117704331	14043
ENSG00000136869.13	117704331	10440
ENSG00000136869.13	117704331	30446
ENSG00000136869.13	117704331	30939
ENSG00000136869.13	117704331	35042
ENSG00000088205.12	117814649	33833
ENSG00000088205.12	117814649	1756
ENSG00000088205.12	117814649	1205
ENSG00000177103.13	117817525	3014
ENSG00000137731.13	117828698	3146
ENSG00000137731.13	117828698	2414
ENSG00000137731.13	117828698	1240
ENSG00000198429.9	11887783	7818
ENSG00000116685.15	11926428	175
ENSG00000116685.15	11926428	2882
ENSG00000076706.14	119321521	2272
ENSG00000076706.14	119321521	982
ENSG00000076706.14	119321521	33
ENSG00000145384.3	119322390	4038
ENSG00000145384.3	119322390	5225
ENSG00000143067.4	119647773	1015
ENSG00000116688.16	11980180	1305
ENSG00000125352.5	119871827	745
ENSG00000265808.3	120176515	2620
ENSG00000186891.13	1206691	695
ENSG00000196646.11	12163063	1604
ENSG00000242852.6	12513854	4495
ENSG00000196826.7	12551474	11489
ENSG00000196826.7	12551474	4565
ENSG00000249709.7	12551542	927
ENSG00000075975.15	12557013	2391
ENSG00000111266.8	12562383	2268
ENSG00000162496.8	12617731	1541
ENSG00000160087.20	1273885	495
ENSG00000007520.3	1351911	582
ENSG00000109705.7	13545050	4819
ENSG00000109705.7	13545050	1502
ENSG00000116731.22	13700197	888
ENSG00000115705.20	1374222	2588
ENSG00000175756.13	1375495	269
ENSG00000108953.16	1400378	365
ENSG00000071626.16	1407568	262
ENSG00000125430.8	14301082	3735
ENSG00000213563.6	144529132	21451
ENSG00000123159.15	14496149	9839
ENSG00000099797.11	14517084	324
ENSG00000162825.16	145405778	19907
ENSG00000186364.11	145845628	877
ENSG00000131788.15	145859836	121
ENSG00000121851.12	145964701	15077
ENSG00000265972.5	145996600	6730
ENSG00000265972.5	145996600	5554
ENSG00000265972.5	145996600	1388
ENSG00000265972.5	145996600	4728
ENSG00000265972.5	145996600	9057
ENSG00000265972.5	145996600	10954
ENSG00000152822.13	146027645	8215
ENSG00000116128.9	147541411	3211
ENSG00000214510.9	148268179	4250
ENSG00000204909.7	148321202	12427
ENSG00000145868.16	148383934	3965
ENSG00000269556.7	149631912	12859
ENSG00000159164.9	149917882	148
ENSG00000264522.5	150010676	479
ENSG00000136631.12	150067292	5433
ENSG00000136631.12	150067292	1804
ENSG00000023902.13	150149182	1046
ENSG00000113722.16	150166794	1902
ENSG00000143401.14	150236156	22089
ENSG00000143401.14	150236156	361
ENSG00000164880.15	1504367	442
ENSG00000179144.4	150514829	127
ENSG00000179144.4	150514829	1313
ENSG00000179144.4	150514829	2163
ENSG00000115963.13	150539011	6150
ENSG00000115963.13	150539011	1327
ENSG00000133574.9	150567276	5267
ENSG00000143384.12	150579738	365
ENSG00000143420.17	150629612	523
ENSG00000143387.12	150808323	399
ENSG00000143418.19	150975004	197
ENSG00000055118.14	150978315	1381
ENSG00000055118.14	150978315	805
ENSG00000197785.13	1512150	1519
ENSG00000143434.15	151146664	510
ENSG00000159352.15	151254702	618
ENSG00000143373.17	151281617	924
ENSG00000143393.16	151327715	513
ENSG00000186335.8	151347590	2
ENSG00000143416.20	151372733	16
ENSG00000143442.21	151459465	97
ENSG00000171729.13	15152531	5969
ENSG00000143442.21	151459465	14335
ENSG00000171729.13	15152531	1073
ENSG00000143367.15	151540304	906
ENSG00000143376.12	151612064	3951
ENSG00000143376.12	151612064	971
ENSG00000159445.12	151909808	215
ENSG00000106648.13	151956378	12367
ENSG00000106648.13	151956378	10588
ENSG00000106648.13	151956378	9899
ENSG00000102287.16	151974680	2140
ENSG00000102287.16	151974680	5275
ENSG00000102287.16	151974680	6268
ENSG00000011677.12	152451358	4253
ENSG00000155511.17	153489614	926
ENSG00000213397.10	153495516	9911
ENSG00000067842.17	153517675	9235
ENSG00000197956.9	153536244	4034
ENSG00000196154.11	153550136	3566
ENSG00000196754.10	153567890	874
ENSG00000196754.10	153567890	4335
ENSG00000188643.10	153613145	10
ENSG00000189334.8	153616986	353
ENSG00000160679.12	153633981	1036
ENSG00000137462.6	153701499	3309
ENSG00000184343.10	153776411	6164
ENSG00000145423.4	153789120	5103
ENSG00000145423.4	153789120	124
ENSG00000145423.4	153789120	1357
ENSG00000143614.8	153922975	949
ENSG00000143543.14	153977688	437
ENSG00000143545.8	153986358	573
ENSG00000177954.11	153990758	749
ENSG00000142634.12	15409894	3204
ENSG00000205090.8	1540453	278
ENSG00000142634.12	15409894	938
ENSG00000143575.14	154272510	766
ENSG00000074706.13	154356792	5194
ENSG00000160712.12	154405192	602
ENSG00000160714.9	154559028	145
ENSG00000082516.8	154938209	502
ENSG00000160688.18	154983337	863
ENSG00000160685.13	155002629	3980
ENSG00000143590.13	155078871	14491
ENSG00000169242.11	155127459	1589
ENSG00000163463.11	155173475	7203
ENSG00000163463.11	155173475	6428
ENSG00000169231.13	155209051	16366
ENSG00000169231.13	155209051	17222
ENSG00000177628.15	155244699	16805
ENSG00000177628.15	155244699	12853
ENSG00000177628.15	155244699	243
ENSG00000160752.14	155308747	1031
ENSG00000116539.10	155562807	1045
ENSG00000184863.10	155644450	113
ENSG00000184863.10	155644450	3746
ENSG00000114805.16	155745067	188
ENSG00000124333.15	155881292	12038
ENSG00000132680.10	155934400	502
ENSG00000169814.12	15601340	209
ENSG00000163479.13	156020959	201
ENSG00000130234.10	15602148	1619
ENSG00000196189.12	156147365	7249
ENSG00000196189.12	156147365	3342
ENSG00000186529.14	15615616	740
ENSG00000198715.11	156295689	169
ENSG00000115159.15	156435289	20345
ENSG00000115159.15	156435289	22219
ENSG00000115159.15	156435289	22888
ENSG00000116604.17	156500828	730
ENSG00000116604.17	156500828	4716
ENSG00000116604.17	156500828	6541
ENSG00000116604.17	156500828	11862
ENSG00000160818.16	156601496	333
ENSG00000160818.16	156601496	6477
ENSG00000132702.12	156619293	4540
ENSG00000279646.1	156660435	23
ENSG00000279646.1	156660435	6099
ENSG00000143320.8	156705816	3275
ENSG00000143320.8	156705816	6550
ENSG00000221926.11	15684311	948
ENSG00000132694.18	157045370	1222
ENSG00000160075.11	1574869	512
ENSG00000172519.8	15793950	1422
ENSG00000172519.8	15793950	2213
ENSG00000078269.13	157981886	13157
ENSG00000172519.8	15793950	4851
ENSG00000183853.17	157993272	1380
ENSG00000122335.13	158168270	23441
ENSG00000122335.13	158168270	19100
ENSG00000122335.13	158168270	18215
ENSG00000065526.10	15847863	15486
ENSG00000065526.10	15847863	11366
ENSG00000065526.10	15847863	1733
ENSG00000163565.18	158999967	1576
ENSG00000164694.16	159169396	8134
ENSG00000170214.3	159916782	700
ENSG00000158710.14	159925732	187
ENSG00000085552.16	159945604	3330
ENSG00000168811.6	159988749	577
ENSG00000113312.10	160009112	9318
ENSG00000143315.6	160031991	460
ENSG00000162729.13	160098943	269
ENSG00000162729.13	160098943	2255
ENSG00000018625.14	160115758	1660
ENSG00000162734.12	160205336	557
ENSG00000158773.14	161045977	405
ENSG00000162755.13	161098360	1204
ENSG00000158796.16	161132688	815
ENSG00000158882.12	161225938	701
ENSG00000143252.14	161314256	831
ENSG00000007545.15	1612324	1192
ENSG00000196542.8	161372880	8453
ENSG00000196542.8	161372880	9528
ENSG00000196542.8	161372880	16194
ENSG00000196542.8	161372880	17743
ENSG00000136535.14	161416093	17590
ENSG00000136535.14	161416093	15775
ENSG00000173110.7	161524539	7118
ENSG00000141977.9	16173525	416
ENSG00000183654.8	16180762	267
ENSG00000162745.10	162023854	51562
ENSG00000162745.10	162023854	50285
ENSG00000162745.10	162023854	188
ENSG00000113327.14	162067539	5140
ENSG00000108474.16	16217190	776
ENSG00000108474.16	16217190	470
ENSG00000132881.11	16237162	205
ENSG00000137198.9	16238579	5371
ENSG00000117143.13	162561505	20302
ENSG00000117143.13	162561505	12977
ENSG00000117143.13	162561505	1161
ENSG00000162733.16	162631372	18718
ENSG00000162733.16	162631372	6557
ENSG00000117152.13	163068774	35524
ENSG00000117152.13	163068774	36173
ENSG00000164128.6	163344832	26190
ENSG00000112531.16	163413999	32200
ENSG00000112531.16	163413999	7961
ENSG00000113328.18	163437568	2494
ENSG00000113328.18	163437568	1885
ENSG00000151005.4	163473746	1786
ENSG00000038274.16	163503113	33417
ENSG00000038274.16	163503113	34774
ENSG00000182263.13	163736012	62047
ENSG00000145416.13	164384050	88724
ENSG00000145416.13	164384050	87488
ENSG00000145416.13	164384050	63751
ENSG00000145416.13	164384050	14602
ENSG00000169507.9	164955525	38170
ENSG00000169507.9	164955525	29068
ENSG00000169507.9	164955525	27313
ENSG00000169507.9	164955525	6687
ENSG00000169507.9	164955525	5443
ENSG00000169507.9	164955525	4639
ENSG00000169507.9	164955525	3010
ENSG00000105072.8	16496310	1657
ENSG00000183439.6	164977668	4024
ENSG00000090402.7	165078495	16570
ENSG00000090402.7	165078495	5745
ENSG00000109472.13	165361193	14351
ENSG00000109472.13	165361193	15524
ENSG00000109472.13	165361193	22198
ENSG00000143198.12	165630860	840
ENSG00000219481.10	16613562	175
ENSG00000188859.6	166166969	428
ENSG00000106524.8	16645817	3882
ENSG00000106524.8	16645817	877
ENSG00000143157.11	166839446	1251
ENSG00000152382.5	166876327	175
ENSG00000163092.19	166888486	4228
ENSG00000213066.11	166999181	44383
ENSG00000188039.13	16719975	4784
ENSG00000143162.7	167553767	257
ENSG00000130396.20	167826921	30618
ENSG00000143147.14	168137667	11522
ENSG00000213064.9	168225937	474
ENSG00000164488.11	168319754	464
ENSG00000164488.11	168319754	22596
ENSG00000164488.11	168319754	23205
ENSG00000164488.11	168319754	51119
ENSG00000112562.18	168441150	53246
ENSG00000112562.18	168441150	49641
ENSG00000112562.18	168441150	49077
ENSG00000112562.18	168441150	15156
ENSG00000172292.14	168455861	1833
ENSG00000172292.14	168455861	10132
ENSG00000172292.14	168455861	11512
ENSG00000172292.14	168455861	13463
ENSG00000172292.14	168455861	14655
ENSG00000113643.8	168486444	5557
ENSG00000113643.8	168486444	1150
ENSG00000113643.8	168486444	3497
ENSG00000129116.17	168497065	191
ENSG00000129116.17	168497065	1419
ENSG00000129116.17	168497065	9803
ENSG00000129116.17	168497065	15718
ENSG00000120137.6	168579600	5251
ENSG00000120137.6	168579600	29562
ENSG00000120137.6	168579600	33227
ENSG00000120137.6	168579600	55101
ENSG00000143196.4	168729264	41609
ENSG00000143196.4	168729264	40168
ENSG00000143196.4	168729264	38701
ENSG00000143196.4	168729264	36427
ENSG00000143196.4	168729264	7664
ENSG00000143196.4	168729264	21120
ENSG00000163072.14	168786538	18887
ENSG00000163072.14	168786538	12764
ENSG00000152254.10	168901239	21043
ENSG00000152254.10	168901239	8428
ENSG00000152253.8	168913371	32145
ENSG00000145439.11	169010275	37570
ENSG00000143153.12	169105696	3355
ENSG00000117479.12	169486003	468
ENSG00000239474.6	169509701	2324
ENSG00000000457.13	169894267	316
ENSG00000013297.10	170418864	4300
ENSG00000115806.12	170928463	998
ENSG00000094963.13	171185207	44668
ENSG00000034971.14	171652683	976
ENSG00000034971.14	171652683	3238
ENSG00000034971.14	171652683	11329
ENSG00000034971.14	171652683	12209
ENSG00000077380.15	171687408	13205
ENSG00000117533.14	171742247	742
ENSG00000010165.19	171781663	1133
ENSG00000114346.13	172750681	5444
ENSG00000113719.15	172834274	7857
ENSG00000113719.15	172834274	7133
ENSG00000037241.7	172958728	24710
ENSG00000144962.6	173141268	17865
ENSG00000164106.7	173406380	22369
ENSG00000117592.8	173477265	25261
ENSG00000117592.8	173477265	2220
ENSG00000185278.14	173868081	1748
ENSG00000135870.11	174022297	458
ENSG00000179051.13	17439724	257
ENSG00000003989.16	17497087	5188
ENSG00000115966.16	175168382	18198
ENSG00000235750.9	175192999	7323
ENSG00000167483.17	17523300	3518
ENSG00000167483.17	17523300	7424
ENSG00000163032.11	17539125	7197
ENSG00000163032.11	17539125	3464
ENSG00000163032.11	17539125	1204
ENSG00000113763.10	176810476	36641
ENSG00000169223.14	177351852	9791
ENSG00000204677.10	178006404	31975
ENSG00000075391.16	178094140	37615
ENSG00000075391.16	178094140	33113
ENSG00000178187.7	178941190	13025
ENSG00000178187.7	178941190	10157
ENSG00000178187.7	178941190	3815
ENSG00000178187.7	178941190	837
ENSG00000178187.7	178941190	1527
ENSG00000178187.7	178941190	4384
ENSG00000178187.7	178941190	5120
ENSG00000178187.7	178941190	9258
ENSG00000178187.7	178941190	11619
ENSG00000234284.6	179023751	7607
ENSG00000143322.19	179229684	303
ENSG00000057252.12	179293713	921
ENSG00000162779.20	179365719	616
ENSG00000143337.18	179882041	1430
ENSG00000116260.16	180154833	1219
ENSG00000230124.6	180502954	539
ENSG00000143324.13	180632003	718
ENSG00000135835.10	180913153	1868
ENSG00000170035.15	180967247	14025
ENSG00000135823.13	181023121	145
ENSG00000162783.10	181088711	704
ENSG00000162783.10	181088711	5029
ENSG00000162783.10	181088711	8029
ENSG00000162783.10	181088711	15373
ENSG00000162783.10	181088711	17060
ENSG00000185372.2	181125304	13221
ENSG00000185372.2	181125304	9378
ENSG00000185372.2	181125304	10746
ENSG00000182613.1	181154942	12914
ENSG00000182613.1	181154942	3149
ENSG00000179930.5	182061712	31521
ENSG00000218336.7	182143986	1010
ENSG00000218336.7	182143986	61941
ENSG00000135821.16	182392206	103133
ENSG00000135821.16	182392206	95495
ENSG00000135821.16	182392206	88428
ENSG00000135821.16	182392206	43693
ENSG00000135821.16	182392206	41338
ENSG00000135821.16	182392206	37
ENSG00000135828.11	182589256	1
ENSG00000143333.6	182604408	9530
ENSG00000143333.6	182604408	10893
ENSG00000135862.5	183023459	1930
ENSG00000078081.7	183163839	15921
ENSG00000058085.14	183186237	6259
ENSG00000116698.20	183472215	2526
ENSG00000116701.14	183590876	17852
ENSG00000198860.11	184051676	906
ENSG00000178084.1	184053046	21805
ENSG00000186038.9	184097063	20830
ENSG00000186038.9	184097063	19063
ENSG00000175166.16	184298708	15299
ENSG00000175166.16	184298708	14375
ENSG00000175166.16	184298708	13234
ENSG00000175166.16	184298708	2526
ENSG00000175166.16	184298708	151
ENSG00000175182.13	184335925	6500
ENSG00000163882.9	184361717	956
ENSG00000163882.9	184361717	5196
ENSG00000164305.17	184649509	20443
ENSG00000164305.17	184649509	17700
ENSG00000164305.17	184649509	14688
ENSG00000164306.10	184649612	14187
ENSG00000116406.18	184754913	800
ENSG00000135842.16	184974550	112
ENSG00000121481.10	185045363	722
ENSG00000116679.15	185317329	440
ENSG00000145192.12	186612922	3841
ENSG00000090512.11	186635968	9885
ENSG00000090512.11	186635968	9201
ENSG00000090512.11	186635968	8140
ENSG00000090512.11	186635968	7461
ENSG00000073756.11	186680427	2499
ENSG00000078369.17	1891117	558
ENSG00000198053.11	1894166	500
ENSG00000222036.7	18967433	4929
ENSG00000188522.14	19004804	5486
ENSG00000188522.14	19004804	7585
ENSG00000213638.5	1905377	2055
ENSG00000213638.5	1905377	4219
ENSG00000188958.9	191330536	39338
ENSG00000188958.9	191330536	41350
ENSG00000129170.8	19210573	403
ENSG00000090104.11	192575726	99402
ENSG00000090104.11	192575726	98182
ENSG00000090104.11	192575726	89716
ENSG00000090104.11	192575726	87103
ENSG00000090104.11	192575726	83980
ENSG00000090104.11	192575726	63386
ENSG00000090104.11	192575726	62770
ENSG00000090104.11	192575726	61913
ENSG00000090104.11	192575726	47000
ENSG00000090104.11	192575726	41269
ENSG00000090104.11	192575726	37053
ENSG00000090104.11	192575726	2098
ENSG00000090104.11	192575726	6514
ENSG00000090104.11	192575726	8690
ENSG00000090104.11	192575726	17193
ENSG00000116741.7	192809038	15418
ENSG00000116741.7	192809038	3408
ENSG00000116741.7	192809038	7211
ENSG00000116741.7	192809038	24742
ENSG00000180611.6	192918161	40432
ENSG00000180611.6	192918161	39642
ENSG00000180611.6	192918161	28004
ENSG00000180611.6	192918161	26387
ENSG00000180611.6	192918161	15967
ENSG00000180611.6	192918161	13198
ENSG00000180611.6	192918161	11698
ENSG00000180611.6	192918161	10112
ENSG00000180611.6	192918161	5356
ENSG00000180611.6	192918161	4413
ENSG00000180611.6	192918161	188
ENSG00000180611.6	192918161	999
ENSG00000180611.6	192918161	32762
ENSG00000180611.6	192918161	54540
ENSG00000180611.6	192918161	56532
ENSG00000023572.8	193106114	5259
ENSG00000134371.9	193122016	6628
ENSG00000187527.10	193378843	37614
ENSG00000187527.10	193378843	27647
ENSG00000187527.10	193378843	29510
ENSG00000187527.10	193378843	30285
ENSG00000187527.10	193378843	38547
ENSG00000114315.3	194136144	67795
ENSG00000114315.3	194136144	66828
ENSG00000077549.17	19485539	979
ENSG00000077549.17	19485539	1973
ENSG00000142494.13	19495384	8952
ENSG00000180815.14	19515261	9871
ENSG00000250067.11	19528860	523
ENSG00000250067.11	19528860	3367
ENSG00000132958.17	19536762	2612
ENSG00000103544.14	19555239	7792
ENSG00000173436.13	19596976	999
ENSG00000177888.7	197200542	1696
ENSG00000162542.13	19799945	617
ENSG00000081237.18	198638670	295940
ENSG00000196141.12	200305880	4403
ENSG00000196141.12	200305880	2898
ENSG00000162702.7	200410056	31038
ENSG00000162702.7	200410056	5374
ENSG00000162702.7	200410056	25279
ENSG00000118193.11	200620734	517
ENSG00000118197.13	200669969	737
ENSG00000118200.14	200739557	1534
ENSG00000128191.13	20080231	13269
ENSG00000099901.16	20115937	5005
ENSG00000115993.11	201451611	3758
ENSG00000115993.11	201451611	1908
ENSG00000115993.11	201451611	3795
ENSG00000115993.11	201451611	7873
ENSG00000174307.6	201469237	185
ENSG00000174307.6	201469237	11013
ENSG00000159176.13	201509456	2001
ENSG00000234409.6	20151065	825
ENSG00000159176.13	201509456	21661
ENSG00000159176.13	201509456	23967
ENSG00000159176.13	201509456	31394
ENSG00000159176.13	201509456	41981
ENSG00000159176.13	201509456	52240
ENSG00000155754.14	201619178	53776
ENSG00000155754.14	201619178	34897
ENSG00000155754.14	201619178	26749
ENSG00000155754.14	201619178	16628
ENSG00000036565.14	20183206	466
ENSG00000036565.14	20183206	1099
ENSG00000198892.6	201888679	1039
ENSG00000163431.12	201946588	497
ENSG00000134375.10	201955490	895
ENSG00000077152.9	202341980	337
ENSG00000145147.19	20253259	6443
ENSG00000117139.16	202809470	1606
ENSG00000163596.16	202871985	11375
ENSG00000163596.16	202871985	10242
ENSG00000183155.4	202889135	132
ENSG00000159346.12	202958572	162
ENSG00000163444.11	203007385	1290
ENSG00000133063.15	203273641	5263
ENSG00000133063.15	203273641	12428
ENSG00000133063.15	203273641	15629
ENSG00000159388.5	203305490	14884
ENSG00000159388.5	203305490	1147
ENSG00000138443.15	203328218	7340
ENSG00000138443.15	203328218	3789
ENSG00000138443.15	203328218	1611
ENSG00000138443.15	203328218	556
ENSG00000122176.10	203351489	17173
ENSG00000122176.10	203351489	21978
ENSG00000122176.10	203351489	26764
ENSG00000122176.10	203351489	50564
ENSG00000122176.10	203351489	52940
ENSG00000188783.5	203475827	51257
ENSG00000188783.5	203475827	36763
ENSG00000188783.5	203475827	28120
ENSG00000188783.5	203475827	24257
ENSG00000188783.5	203475827	13174
ENSG00000188783.5	203475827	1200
ENSG00000188770.9	203494142	17236
ENSG00000173166.17	203535410	15310
ENSG00000173166.17	203535410	11067
ENSG00000173166.17	203535410	2134
ENSG00000173166.17	203535410	553
ENSG00000173166.17	203535410	1997
ENSG00000173166.17	203535410	8641
ENSG00000173166.17	203535410	9606
ENSG00000173166.17	203535410	11855
ENSG00000173166.17	203535410	17750
ENSG00000058668.14	203626560	34939
ENSG00000058668.14	203626560	29471
ENSG00000058668.14	203626560	26462
ENSG00000058668.14	203626560	20180
ENSG00000058668.14	203626560	17356
ENSG00000182004.12	203861602	1090
ENSG00000163599.14	203867785	2915
ENSG00000143842.14	204073114	31929
ENSG00000143845.14	204152003	24058
ENSG00000143845.14	204152003	147
ENSG00000158615.8	204411791	449
ENSG00000158615.8	204411791	4012
ENSG00000198625.12	204516378	8704
ENSG00000198625.12	204516378	757
ENSG00000170382.11	204685733	16620
ENSG00000198805.11	20468953	7446
ENSG00000163531.15	204828650	15302
ENSG00000163531.15	204828650	9542
ENSG00000163531.15	204828650	8236
ENSG00000162545.5	20486220	338
ENSG00000133059.16	205211566	280
ENSG00000133069.14	205228175	1278
ENSG00000163545.8	205321791	37518
ENSG00000163545.8	205321791	27958
ENSG00000117266.15	205504594	9661
ENSG00000117266.15	205504594	645
ENSG00000174514.12	205568884	25677
ENSG00000158711.13	205631962	685
ENSG00000117280.12	205775460	8617
ENSG00000133065.10	205813748	95
ENSG00000188171.15	20661596	365
ENSG00000143479.15	206635535	996
ENSG00000196352.14	207321507	11884
ENSG00000117335.18	207752056	1087
ENSG00000163251.3	207769563	34796
ENSG00000163251.3	207769563	51854
ENSG00000163251.3	207769563	54581
ENSG00000163251.3	207769563	59297
ENSG00000163251.3	207769563	61000
ENSG00000163251.3	207769563	65783
ENSG00000174059.16	207911402	69594
ENSG00000174059.16	207911402	62455
ENSG00000174059.16	207911402	49582
ENSG00000174059.16	207911402	48758
ENSG00000174059.16	207911402	42072
ENSG00000174059.16	207911402	12919
ENSG00000174059.16	207911402	47098
ENSG00000174059.16	207911402	48038
ENSG00000174059.16	207911402	50672
ENSG00000174059.16	207911402	52532
ENSG00000076356.6	208244320	345
ENSG00000078018.19	209424057	156750
ENSG00000078018.19	209424057	80694
ENSG00000078018.19	209424057	74692
ENSG00000009790.14	209756031	14175
ENSG00000115361.7	210225491	3598
ENSG00000279317.1	210232691	1727
ENSG00000082497.11	210232798	17625
ENSG00000082497.11	210232798	19043
ENSG00000082497.11	210232798	24768
ENSG00000082497.11	210232798	28892
ENSG00000168530.15	210315190	23292
ENSG00000168530.15	210315190	22063
ENSG00000168530.15	210315190	3827
ENSG00000170385.9	211578742	1099
ENSG00000170385.9	211578742	2657
ENSG00000170385.9	211578742	34065
ENSG00000117650.12	211675630	43507
ENSG00000123684.12	211830772	420
ENSG00000066027.11	212285536	123425
ENSG00000066027.11	212285536	51690
ENSG00000066027.11	212285536	50574
ENSG00000066027.11	212285536	47376
ENSG00000066027.11	212285536	43786
ENSG00000117691.9	212432886	36759
ENSG00000178568.13	212538841	50685
ENSG00000162771.7	212624473	11169
ENSG00000162771.7	212624473	13285
ENSG00000162771.7	212624473	14515
ENSG00000123685.8	212699985	33432
ENSG00000123685.8	212699985	31789
ENSG00000162769.12	212858254	1410
ENSG00000117298.14	21345504	1139
ENSG00000143499.13	214281101	57321
ENSG00000142794.18	21440127	798
ENSG00000152104.11	214552449	188
ENSG00000136636.12	215567391	28567
ENSG00000136636.12	215567391	24710
ENSG00000136636.12	215567391	23124
ENSG00000136636.12	215567391	20763
ENSG00000102678.6	21671382	516
ENSG00000090686.15	21783606	315
ENSG00000163464.7	218166995	3171
ENSG00000067533.5	218285286	784
ENSG00000127831.10	218419091	40382
ENSG00000127831.10	218419091	43141
ENSG00000127831.10	218419091	56716
ENSG00000127831.10	218419091	60553
ENSG00000135913.10	218568361	69190
ENSG00000115568.15	218659655	5081
ENSG00000054356.13	219309648	11679
ENSG00000142798.17	21937297	328
ENSG00000069431.10	21941402	73
ENSG00000069431.10	21941402	1881
ENSG00000100034.13	21952837	2772
ENSG00000136628.17	220046658	374
ENSG00000158806.13	22024124	2147
ENSG00000118873.15	220272454	471
ENSG00000102174.8	22032440	1352
ENSG00000102174.8	22032440	623
ENSG00000197134.11	22052451	306
ENSG00000117791.15	220748224	746
ENSG00000186205.12	220786758	943
ENSG00000186205.12	220786758	36761
ENSG00000186205.12	220786758	45913
ENSG00000136630.12	220879399	36789
ENSG00000136630.12	220879399	35814
ENSG00000136630.12	220879399	6369
ENSG00000136630.12	220879399	2358
ENSG00000136630.12	220879399	14294
ENSG00000136630.12	220879399	14938
ENSG00000136630.12	220879399	112206
ENSG00000136630.12	220879399	149306
ENSG00000136630.12	220879399	150234
ENSG00000136630.12	220879399	151170
ENSG00000275074.1	22109419	1757
ENSG00000136630.12	220879399	324719
ENSG00000116106.11	221574202	346619
ENSG00000116106.11	221574202	343610
ENSG00000116106.11	221574202	339223
ENSG00000116106.11	221574202	338295
ENSG00000116106.11	221574202	240605
ENSG00000116106.11	221574202	239441
ENSG00000116106.11	221574202	134680
ENSG00000116106.11	221574202	133161
ENSG00000116106.11	221574202	125837
ENSG00000116106.11	221574202	116532
ENSG00000116106.11	221574202	37826
ENSG00000143507.17	221742176	1316
ENSG00000143507.17	221742176	89892
ENSG00000163081.2	222298146	255185
ENSG00000163081.2	222298146	253882
ENSG00000163082.9	222424516	29693
ENSG00000163082.9	222424516	40583
ENSG00000143498.17	222589933	399
ENSG00000154305.16	222618085	1225
ENSG00000157933.9	2228694	2233
ENSG00000197520.10	222737206	17355
ENSG00000197520.10	222737206	17900
ENSG00000197520.10	222737206	20021
ENSG00000197520.10	222737206	20987
ENSG00000197520.10	222737206	21811
ENSG00000197520.10	222737206	53741
ENSG00000123983.13	222860933	44989
ENSG00000123983.13	222860933	43607
ENSG00000123983.13	222860933	32294
ENSG00000152049.6	223051813	43424
ENSG00000152049.6	223051813	42457
ENSG00000152049.6	223051813	19874
ENSG00000152049.6	223051813	349
ENSG00000152049.6	223051813	22622
ENSG00000152049.6	223051813	29832
ENSG00000152049.6	223051813	31755
ENSG00000152049.6	223051813	32922
ENSG00000152049.6	223051813	35580
ENSG00000187554.11	223143282	52
ENSG00000178395.6	223393416	33207
ENSG00000178395.6	223393416	34716
ENSG00000143514.16	223845972	754
ENSG00000135900.3	223957403	36304
ENSG00000143756.11	224114086	653
ENSG00000143753.12	224175755	7362
ENSG00000143753.12	224175755	29792
ENSG00000143753.12	224175755	48485
ENSG00000143748.17	224330387	540
ENSG00000184677.16	22451850	706
ENSG00000143815.14	225428925	8831
ENSG00000143815.14	225428925	10989
ENSG00000143815.14	225428925	11932
ENSG00000143815.14	225428925	14039
ENSG00000143815.14	225428925	15245
ENSG00000143815.14	225428925	16183
ENSG00000143815.14	225428925	19014
ENSG00000143815.14	225428925	22679
ENSG00000143815.14	225428925	24466
ENSG00000143815.14	225428925	29004
ENSG00000143815.14	225428925	30220
ENSG00000143815.14	225428925	31329
ENSG00000143815.14	225428925	35474
ENSG00000143815.14	225428925	37998
ENSG00000143815.14	225428925	41210
ENSG00000143815.14	225428925	44127
ENSG00000143815.14	225428925	46261
ENSG00000143815.14	225428925	47843
ENSG00000143815.14	225428925	49408
ENSG00000143815.14	225428925	52215
ENSG00000143815.14	225428925	54102
ENSG00000143815.14	225428925	55416
ENSG00000154380.17	225653142	961
ENSG00000154380.17	225653142	7363
ENSG00000154380.17	225653142	9352
ENSG00000143742.12	225777812	42578
ENSG00000143742.12	225777812	33175
ENSG00000143742.12	225777812	32266
ENSG00000143742.12	225777812	30820
ENSG00000143742.12	225777812	15772
ENSG00000143742.12	225777812	11732
ENSG00000143742.12	225777812	7482
ENSG00000143742.12	225777812	1661
ENSG00000143819.12	225810091	480
ENSG00000196187.11	225882369	824
ENSG00000143811.16	225924340	324
ENSG00000143751.9	225999331	324
ENSG00000163041.9	226061850	1068
ENSG00000163041.9	226061850	20689
ENSG00000163041.9	226061850	22061
ENSG00000163041.9	226061850	47282
ENSG00000163041.9	226061850	49017
ENSG00000163041.9	226061850	59277
ENSG00000163041.9	226061850	60482
ENSG00000182827.8	226186730	377
ENSG00000183814.15	226309869	42961
ENSG00000183814.15	226309869	45878
ENSG00000203685.9	226548799	1517
ENSG00000203685.9	226548799	77297
ENSG00000203685.9	226548799	79201
ENSG00000143772.9	226739323	332
ENSG00000169047.5	226799759	22223
ENSG00000169047.5	226799759	19389
ENSG00000169047.5	226799759	18302
ENSG00000169047.5	226799759	16386
ENSG00000169047.5	226799759	14001
ENSG00000169047.5	226799759	13368
ENSG00000169047.5	226799759	12246
ENSG00000169047.5	226799759	543
ENSG00000169047.5	226799759	14791
ENSG00000169047.5	226799759	16703
ENSG00000144468.16	226835580	15510
ENSG00000144468.16	226835580	14001
ENSG00000144468.16	226835580	8825
ENSG00000143801.16	226870183	7031
ENSG00000168955.3	227381995	42002
ENSG00000173744.17	227472151	44065
ENSG00000173744.17	227472151	40809
ENSG00000181450.17	227563542	21939
ENSG00000181450.17	227563542	20738
ENSG00000143740.14	227728538	781
ENSG00000115009.11	227813841	27565
ENSG00000115009.11	227813841	20143
ENSG00000123977.9	227871053	14073
ENSG00000123977.9	227871053	24803
ENSG00000143816.7	227947898	351
ENSG00000143761.13	228082659	1713
ENSG00000162910.18	228109312	582
ENSG00000181873.12	228165814	3205
ENSG00000181873.12	228165814	923
ENSG00000116574.5	228735076	60281
ENSG00000116574.5	228735076	62597
ENSG00000116574.5	228735076	63718
ENSG00000116574.5	228735076	69553
ENSG00000116574.5	228735076	94840
ENSG00000116574.5	228735076	102882
ENSG00000116574.5	228735076	164640
ENSG00000116574.5	228735076	167218
ENSG00000116574.5	228735076	228665
ENSG00000116574.5	228735076	251069
ENSG00000116574.5	228735076	253096
ENSG00000177800.2	229249635	245709
ENSG00000177800.2	229249635	191330
ENSG00000177800.2	229249635	190253
ENSG00000177800.2	229249635	187895
ENSG00000177800.2	229249635	179818
ENSG00000177800.2	229249635	141195
ENSG00000177800.2	229249635	137990
ENSG00000177800.2	229249635	135394
ENSG00000177800.2	229249635	133299
ENSG00000177800.2	229249635	132709
ENSG00000177800.2	229249635	128071
ENSG00000177800.2	229249635	127543
ENSG00000177800.2	229249635	45471
ENSG00000177800.2	229249635	20446
ENSG00000154429.10	229343294	206
ENSG00000135776.4	229558695	783
ENSG00000135776.4	229558695	4399
ENSG00000135776.4	229558695	19929
ENSG00000135776.4	229558695	20477
ENSG00000215906.8	22965338	3328
ENSG00000187957.7	229714558	15219
ENSG00000153832.11	229922301	60525
ENSG00000153832.11	229922301	33882
ENSG00000135916.15	230864638	57327
ENSG00000135916.15	230864638	40761
ENSG00000119280.16	230869589	7719
ENSG00000119280.16	230869589	36106
ENSG00000116918.13	231528652	1054
ENSG00000070366.13	2303771	11506
ENSG00000169641.13	23177808	449
ENSG00000144535.19	231961244	181509
ENSG00000163283.6	232378533	90318
ENSG00000163283.6	232378533	72475
ENSG00000163283.6	232378533	1164
ENSG00000116991.10	232561558	7720
ENSG00000116991.10	232561558	15946
ENSG00000115468.11	232606056	7135
ENSG00000115468.11	232606056	13471
ENSG00000115468.11	232606056	14705
ENSG00000204120.14	232697298	22142
ENSG00000204120.14	232697298	14113
ENSG00000204120.14	232697298	4659
ENSG00000204120.14	232697298	6855
ENSG00000204120.14	232697298	7916
ENSG00000115474.6	232776568	12146
ENSG00000115474.6	232776568	11080
ENSG00000115474.6	232776568	10510
ENSG00000135778.11	232950604	850
ENSG00000179133.11	23344845	334
ENSG00000135750.14	233614003	532
ENSG00000125945.14	23369442	350
ENSG00000166091.19	23376807	891
ENSG00000168275.14	234373455	1178
ENSG00000059588.9	234479103	8020
ENSG00000188042.7	234497053	1667
ENSG00000188042.7	234497053	2308
ENSG00000188042.7	234497053	18186
ENSG00000188042.7	234497053	25447
ENSG00000188042.7	234497053	26946
ENSG00000188042.7	234497053	31368
ENSG00000188042.7	234497053	32126
ENSG00000188042.7	234497053	32802
ENSG00000188042.7	234497053	47698
ENSG00000168264.10	234609525	56054
ENSG00000168264.10	234609525	55368
ENSG00000168264.10	234609525	27682
ENSG00000168264.10	234609525	19255
ENSG00000168264.10	234609525	11090
ENSG00000168264.10	234609525	9016
ENSG00000168264.10	234609525	1635
ENSG00000168264.10	234609525	3425
ENSG00000168264.10	234609525	66392
ENSG00000168264.10	234609525	73708
ENSG00000279261.1	234760056	60622
ENSG00000279261.1	234760056	48824
ENSG00000279261.1	234760056	44861
ENSG00000279261.1	234760056	40938
ENSG00000279261.1	234760056	39647
ENSG00000279261.1	234760056	35285
ENSG00000279261.1	234760056	16507
ENSG00000279261.1	234760056	11175
ENSG00000279261.1	234760056	12341
ENSG00000279261.1	234760056	49564
ENSG00000279261.1	234760056	55517
ENSG00000279261.1	234760056	57163
ENSG00000088280.18	23484568	210
ENSG00000130147.15	234951972	95214
ENSG00000130147.15	234951972	89612
ENSG00000130147.15	234951972	84787
ENSG00000130147.15	234951972	66976
ENSG00000130147.15	234951972	64642
ENSG00000130147.15	234951972	36416
ENSG00000130147.15	234951972	35713
ENSG00000130147.15	234951972	33703
ENSG00000130147.15	234951972	26315
ENSG00000130147.15	234951972	4833
ENSG00000130147.15	234951972	8769
ENSG00000130147.15	234951972	11297
ENSG00000130147.15	234951972	12386
ENSG00000130147.15	234951972	13242
ENSG00000130147.15	234951972	16730
ENSG00000130147.15	234951972	17909
ENSG00000130147.15	234951972	21066
ENSG00000130147.15	234951972	25698
ENSG00000130147.15	234951972	32696
ENSG00000130147.15	234951972	38219
ENSG00000130147.15	234951972	44417
ENSG00000130147.15	234951972	45663
ENSG00000130147.15	234951972	47634
ENSG00000173726.10	235128936	81974
ENSG00000173726.10	235128936	79639
ENSG00000173726.10	235128936	61616
ENSG00000173726.10	235128936	59264
ENSG00000173726.10	235128936	55236
ENSG00000173726.10	235128936	51405
ENSG00000173726.10	235128936	50360
ENSG00000173726.10	235128936	46715
ENSG00000173726.10	235128936	38680
ENSG00000173726.10	235128936	24459
ENSG00000007968.6	23531220	263
ENSG00000162885.12	235504481	1336
ENSG00000259431.5	23555987	1818
ENSG00000259431.5	23555987	648
ENSG00000117318.8	23559794	149
ENSG00000117318.8	23559794	2836
ENSG00000213983.11	23568070	474
ENSG00000101435.4	23568749	126
ENSG00000092051.16	23578800	3035
ENSG00000092051.16	23578800	1119
ENSG00000143669.13	235883640	24877
ENSG00000143669.13	235883640	26811
ENSG00000143669.13	235883640	33365
ENSG00000143669.13	235883640	87451
ENSG00000143669.13	235883640	88382
ENSG00000116962.14	236065162	859
ENSG00000116962.14	236065162	2816
ENSG00000077585.13	236142504	1573
ENSG00000244020.2	237004418	52309
ENSG00000244020.2	237004418	6957
ENSG00000244020.2	237004418	7341
ENSG00000011007.12	23743154	668
ENSG00000057757.9	23778404	1169
ENSG00000011009.10	23790969	719
ENSG00000117308.14	23800804	440
ENSG00000174748.18	23916544	2749
ENSG00000173960.12	23927284	3497
ENSG00000189266.11	23959108	847
ENSG00000188529.14	23980927	3031
ENSG00000099991.16	24011191	4609
ENSG00000099991.16	24011191	6734
ENSG00000172352.5	24048019	2226
ENSG00000180875.4	240612149	36
ENSG00000184945.13	240691844	575
ENSG00000174371.16	241847966	709
ENSG00000042980.12	24294039	4538
ENSG00000042980.12	24294039	181
ENSG00000117020.16	243851079	216
ENSG00000173728.10	244352634	138941
ENSG00000173728.10	244352634	79298
ENSG00000035687.9	244452134	282
ENSG00000121644.18	244652934	957
ENSG00000121644.18	244652934	77846
ENSG00000203667.9	244835321	2054
ENSG00000153187.16	244864542	581
ENSG00000203666.12	244969704	6179
ENSG00000203666.12	244969704	1565
ENSG00000143653.9	246724046	43385
ENSG00000143653.9	246724046	690
ENSG00000143653.9	246724046	44877
ENSG00000153207.14	246931978	453
ENSG00000101868.10	24693918	11554
ENSG00000135747.11	247078811	399
ENSG00000188295.14	247104372	454
ENSG00000188295.14	247104372	6119
ENSG00000188295.14	247104372	7825
ENSG00000196418.12	247172016	37330
ENSG00000162714.12	247331846	513
ENSG00000162714.12	247331846	1300
ENSG00000090905.17	24729694	5488
ENSG00000162714.12	247331846	28550
ENSG00000162714.12	247331846	29232
ENSG00000162714.12	247331846	38929
ENSG00000169504.14	24745356	2224
ENSG00000175137.10	248826633	192
ENSG00000171161.12	248838209	841
ENSG00000171163.15	248859144	330
ENSG00000171163.15	248859144	3738
ENSG00000171163.15	248859144	4259
ENSG00000118308.14	25021001	1194
ENSG00000117614.9	25232502	719
ENSG00000038210.12	25233974	5130
ENSG00000038210.12	25233974	6350
ENSG00000157881.13	2526628	75
ENSG00000140992.18	2537963	7787
ENSG00000157873.17	2555638	6653
ENSG00000154719.13	25607517	1851
ENSG00000117643.14	25617467	2245
ENSG00000162430.16	25800175	1110
ENSG00000157870.14	2586490	2764
ENSG00000182749.5	25871253	3114
ENSG00000143970.16	25878516	2744
ENSG00000112337.10	25930726	8508
ENSG00000158006.13	25998157	267
ENSG00000175087.9	26111164	1008
ENSG00000117682.16	26432281	916
ENSG00000124557.12	26501220	1298
ENSG00000124557.12	26501220	319
ENSG00000100122.5	26618088	426
ENSG00000100122.5	26618088	971
ENSG00000171303.6	26692689	15500
ENSG00000171303.6	26692689	1441
ENSG00000171303.6	26692689	604
ENSG00000060642.10	26787471	2185
ENSG00000060642.10	26787471	11345
ENSG00000204160.11	26826709	1063
ENSG00000171885.13	26865818	218
ENSG00000184434.7	27005693	2948
ENSG00000158246.7	27012836	178
ENSG00000152944.8	27022545	4288
ENSG00000119777.18	27032909	1756
ENSG00000142784.15	27234515	730
ENSG00000142733.14	27366892	135
ENSG00000120915.13	27490778	81
ENSG00000099246.16	27504173	723
ENSG00000110841.13	27523430	4205
ENSG00000110841.13	27523430	2959
ENSG00000147896.3	27524313	426
ENSG00000106049.8	27662995	7180
ENSG00000106049.8	27662995	3509
ENSG00000106049.8	27662995	351
ENSG00000126709.14	27672218	352
ENSG00000009780.15	27725978	1100
ENSG00000117748.9	27914746	164
ENSG00000126698.10	28233025	191
ENSG00000130770.17	28236108	825
ENSG00000187626.8	28252224	4694
ENSG00000187626.8	28252224	3358
ENSG00000189134.3	28259319	679
ENSG00000109107.13	28577264	2334
ENSG00000169306.9	28587398	4834
ENSG00000120656.11	28643085	601
ENSG00000007202.14	28645454	1912
ENSG00000162419.12	28668731	1188
ENSG00000198492.14	28736620	511
ENSG00000159873.9	28772673	1806
ENSG00000183579.15	28883591	1283
ENSG00000034053.14	28884482	442
ENSG00000034053.14	28884482	38
ENSG00000253304.1	29123935	1021
ENSG00000253304.1	29123935	9310
ENSG00000116350.16	29181987	314
ENSG00000133872.13	30083208	14
ENSG00000100036.12	30635651	807
ENSG00000167065.13	30667890	1302
ENSG00000067057.16	3066332	1004
ENSG00000204560.9	30673037	3641
ENSG00000204560.9	30673037	6171
ENSG00000146112.11	30687895	6055
ENSG00000184792.15	30693781	439
ENSG00000133704.9	30695986	941
ENSG00000106113.18	30700129	98
ENSG00000282034.1	30704066	243
ENSG00000103549.21	30761744	629
ENSG00000196118.11	30762710	436
ENSG00000102870.5	30787202	10500
ENSG00000183640.5	30813252	11651
ENSG00000183640.5	30813252	6120
ENSG00000104695.12	30814314	1585
ENSG00000176390.11	30824776	38
ENSG00000250424.4	30852272	4899
ENSG00000250424.4	30852272	642
ENSG00000250424.4	30852272	3921
ENSG00000162512.15	30908761	168
ENSG00000240583.10	30911854	772
ENSG00000158089.14	31155202	439
ENSG00000156299.12	31559977	4289
ENSG00000226979.8	31572053	1140
ENSG00000232810.3	31575566	125
ENSG00000170456.14	31591097	1861
ENSG00000118271.9	31591725	173
ENSG00000197302.10	31713228	1623
ENSG00000244355.7	31715355	174
ENSG00000184007.17	31944856	143
ENSG00000153339.13	31953136	946
ENSG00000244731.7	31982023	2586
ENSG00000121774.17	32013828	1103
ENSG00000021574.11	32063610	1457
ENSG00000151746.13	32106834	212
ENSG00000204308.7	32178353	528
ENSG00000170293.8	32238678	1243
ENSG00000170293.8	32238678	2516
ENSG00000162520.14	32703596	2466
ENSG00000237541.3	32741341	354
ENSG00000121900.18	32901438	79
ENSG00000131944.9	32972208	316
ENSG00000167098.11	33004433	15742
ENSG00000122507.20	33129243	3152
ENSG00000166359.10	33132089	10002
ENSG00000116525.13	33182059	470
ENSG00000159110.19	33229900	1436
ENSG00000160094.14	33256544	1468
ENSG00000134686.16	33431052	1856
ENSG00000134686.16	33431052	2290
ENSG00000152689.17	33436323	2069
ENSG00000101400.5	33443892	752
ENSG00000213588.5	33453969	1532
ENSG00000278848.2	33459044	433
ENSG00000278848.2	33459044	386
ENSG00000121903.14	33472644	2673
ENSG00000121903.14	33472644	1870
ENSG00000163866.8	34859816	233
ENSG00000267618.5	35121493	1222
ENSG00000116560.10	35193148	495
ENSG00000125966.9	35226653	4247
ENSG00000146463.11	35268966	4437
ENSG00000177283.5	35642278	195
ENSG00000171812.11	36125220	94
ENSG00000075643.5	36187518	5666
ENSG00000075643.5	36187518	124
ENSG00000276085.1	36196758	3367
ENSG00000100336.17	36204840	1496
ENSG00000054118.13	36224415	1716
ENSG00000158109.14	3625001	2338
ENSG00000196182.10	36385896	855
ENSG00000274226.5	36388423	607
ENSG00000181817.5	36397892	153
ENSG00000116885.18	36450451	563
ENSG00000196092.12	37034185	162
ENSG00000168994.13	3752026	6680
ENSG00000154274.14	37453940	833
ENSG00000196437.10	37469275	1780
ENSG00000168994.13	3752026	4440
ENSG00000137054.15	37485934	720
ENSG00000163879.10	37556918	844
ENSG00000100097.11	37675607	276
ENSG00000204084.12	37947057	103
ENSG00000130764.9	3796504	469
ENSG00000183431.11	37990921	3655
ENSG00000183386.9	38005606	99
ENSG00000185668.6	38046794	598
ENSG00000172936.12	38138477	688
ENSG00000116954.7	38859823	724
ENSG00000198912.10	3900293	1197
ENSG00000164327.12	39074408	1666
ENSG00000065883.14	39950036	1082
ENSG00000140319.10	40039188	3019
ENSG00000140319.10	40039188	1178
ENSG00000140319.10	40039188	329
ENSG00000156970.12	40161022	341
ENSG00000117016.9	40665657	241
ENSG00000186393.5	40772162	1185
ENSG00000171446.6	40782534	345
ENSG00000166145.14	40844017	863
ENSG00000196236.12	40857076	2022
ENSG00000179862.6	40862366	259
ENSG00000187242.4	40867210	1740
ENSG00000187242.4	40867210	681
ENSG00000104140.6	40874289	2954
ENSG00000108244.16	40937634	1010
ENSG00000108244.16	40937634	5476
ENSG00000100387.8	40951346	5410
ENSG00000100387.8	40951346	3093
ENSG00000196859.7	40966892	247
ENSG00000010803.16	41242154	328
ENSG00000010803.16	41242154	2912
ENSG00000172766.18	41311204	1876
ENSG00000174306.21	41317672	1307
ENSG00000064042.17	41359606	2416
ENSG00000064042.17	41359606	639
ENSG00000131737.5	41382403	3163
ENSG00000177191.2	41428730	3099
ENSG00000102760.12	41457558	2221
ENSG00000100412.15	41469124	4470
ENSG00000137825.10	41493392	2187
ENSG00000137825.10	41493392	3016
ENSG00000137825.10	41493392	4909
ENSG00000171401.14	41505705	5606
ENSG00000127124.13	42035925	385
ENSG00000143924.18	42169349	3012
ENSG00000177181.14	42380794	780
ENSG00000124406.16	42657105	219
ENSG00000065978.17	42682426	2104
ENSG00000164011.17	42846572	920
ENSG00000117394.19	42959173	255
ENSG00000124713.5	42960757	443
ENSG00000160199.14	42974509	1481
ENSG00000133106.14	42992271	414
ENSG00000281079.1	42993781	370
ENSG00000044090.8	43053945	2836
ENSG00000172262.11	43065175	2798
ENSG00000172262.11	43065175	4261
ENSG00000137204.14	43295693	1800
ENSG00000137204.14	43295693	1017
ENSG00000052841.14	43358931	1246
ENSG00000066322.12	43368074	418
ENSG00000159479.16	43389808	7071
ENSG00000178922.16	43453989	266
ENSG00000117408.10	43946938	1824
ENSG00000196517.11	44031467	164
ENSG00000196517.11	44031467	2619
ENSG00000196517.11	44031467	3496
ENSG00000205126.2	44047980	51
ENSG00000164708.5	44065587	6677
ENSG00000178028.13	44213454	1039
ENSG00000186446.11	44729595	518
ENSG00000142937.11	44775250	837
ENSG00000173846.12	44800224	948
ENSG00000184900.15	44818779	183
ENSG00000070785.16	44986722	106
ENSG00000126107.14	45011329	20
ENSG00000117448.13	45550542	383
ENSG00000197429.10	45750650	254
ENSG00000266412.5	46030714	6153
ENSG00000085999.11	46247687	1038
ENSG00000117481.10	46340176	675
ENSG00000204174.6	46465881	225
ENSG00000204174.6	46465881	1009
ENSG00000151665.12	46617119	47
ENSG00000134830.5	47332146	89
ENSG00000198087.7	47477788	172
ENSG00000204172.12	47523638	8998
ENSG00000204172.12	47523638	9994
ENSG00000153294.11	47685863	1223
ENSG00000005175.9	47706061	2354
ENSG00000211584.13	47753915	2444
ENSG00000182223.7	48490251	3267
ENSG00000127663.14	4969112	1752
ENSG00000123091.4	51236270	1221
ENSG00000204611.6	52139922	685
ENSG00000155622.6	52369029	744
ENSG00000170486.10	52601538	116
ENSG00000162377.5	52698366	229
ENSG00000189182.9	52703463	117
ENSG00000241476.7	52707189	333
ENSG00000112144.15	53061802	990
ENSG00000162383.11	53142632	2933
ENSG00000139651.10	53180699	8827
ENSG00000139651.10	53180699	4641
ENSG00000162384.13	53220617	258
ENSG00000162385.10	53238610	263
ENSG00000058799.13	53889834	446
ENSG00000180818.4	53985064	3305
ENSG00000275183.1	54463711	853
ENSG00000170627.9	54473602	832
ENSG00000197045.12	54489196	4284
ENSG00000197045.12	54489196	3458
ENSG00000197045.12	54489196	242
ENSG00000167618.9	54497878	1061
ENSG00000162390.17	54542256	876
ENSG00000162396.5	54764514	450
ENSG00000125498.19	54769810	2398
ENSG00000125498.19	54769810	5854
ENSG00000116133.11	54887218	170
ENSG00000166260.10	54968785	4565
ENSG00000133265.10	55280381	3802
ENSG00000133265.10	55280381	3151
ENSG00000160472.4	55376835	1331
ENSG00000233493.3	55384598	1754
ENSG00000185821.3	55426253	120
ENSG00000187902.11	55442863	219
ENSG00000063241.7	55462343	2205
ENSG00000256061.7	55508234	4801
ENSG00000256061.7	55508234	920
ENSG00000087253.11	55508997	2233
ENSG00000163001.11	55519603	360
ENSG00000163001.11	55519603	2958
ENSG00000187550.8	55537089	952
ENSG00000179615.1	55574414	925
ENSG00000218891.4	55580845	600
ENSG00000063244.12	55654145	628
ENSG00000181903.4	55665166	3789
ENSG00000083750.12	55717738	306
ENSG00000135437.9	55720366	211
ENSG00000198877.1	55773437	8193
ENSG00000186117.3	55811466	1721
ENSG00000173572.11	55932336	1658
ENSG00000167825.3	55936400	1676
ENSG00000179709.8	55947831	4421
ENSG00000146731.10	56051629	4483
ENSG00000008988.9	56074581	1590
ENSG00000196465.10	56152255	6009
ENSG00000174957.1	56176617	3505
ENSG00000139645.9	56258391	2081
ENSG00000172199.1	56375623	1880
ENSG00000172199.1	56375623	1990
ENSG00000181195.10	56446734	598
ENSG00000167005.13	56452199	245
ENSG00000152932.7	58582220	1630
ENSG00000149124.10	58731974	14615
ENSG00000175175.5	58755868	1075
ENSG00000175175.5	58755868	7308
ENSG00000128923.10	58771191	1709
ENSG00000177606.6	58784327	1262
ENSG00000087460.23	58839717	24799
ENSG00000087460.23	58839717	8994
ENSG00000157450.15	58865174	9188
ENSG00000157450.15	58865174	19392
ENSG00000156689.6	58904215	8651
ENSG00000156689.6	58904215	5499
ENSG00000156689.6	58904215	3910
ENSG00000139263.11	58920522	1415
ENSG00000137776.16	58933653	8647
ENSG00000101158.12	58981207	13046
ENSG00000101160.13	59007247	5162
ENSG00000101162.3	59019253	5309
ENSG00000101162.3	59019253	1159
ENSG00000101166.15	59042909	1411
ENSG00000101166.15	59042909	298
ENSG00000163689.18	59050084	2050
ENSG00000163689.18	59050084	5832
ENSG00000166801.15	59142747	3748
ENSG00000182628.12	59155269	4945
ENSG00000165443.11	59176589	2677
ENSG00000162148.10	61481119	9968
ENSG00000183346.6	61662960	25479
ENSG00000183346.6	61662960	24451
ENSG00000162607.12	62436296	1265
ENSG00000158292.6	6260975	127
ENSG00000177363.4	62689899	523
ENSG00000179600.3	63318879	1855
ENSG00000184743.12	63671921	2104
ENSG00000243509.4	63696667	4463
ENSG00000243509.4	63696667	2627
ENSG00000243509.4	63696667	1368
ENSG00000243509.4	63696667	1076
ENSG00000126821.7	63728039	3501
ENSG00000198231.12	63773602	196
ENSG00000158966.13	64470791	1080
ENSG00000162434.11	64966504	565
ENSG00000168062.9	64997045	4732
ENSG00000168060.14	65058549	3193
ENSG00000146576.12	6590016	599
ENSG00000169032.9	66386816	15863
ENSG00000143995.19	66433451	11962
ENSG00000169085.11	66460002	10306
ENSG00000007923.15	6701924	2041
ENSG00000125733.17	6737924	5032
ENSG00000176387.6	67430651	811
ENSG00000084207.15	67583594	6171
ENSG00000159753.13	67644918	659
ENSG00000116717.11	67685060	808
ENSG00000170871.11	6781374	1785
ENSG00000108176.14	67838166	372
ENSG00000127318.10	68253607	770
ENSG00000119865.8	68320051	951
ENSG00000119865.8	68320051	2418
ENSG00000154330.12	68328307	1573
ENSG00000187866.7	68780054	2918
ENSG00000187866.7	68780054	2320
ENSG00000255346.9	68930524	6588
ENSG00000163377.15	68953297	973
ENSG00000103044.10	69105563	695
ENSG00000033122.18	69568397	1034
ENSG00000184481.16	71096196	6658
ENSG00000112706.11	76072678	889
ENSG00000036549.12	77683419	379
ENSG00000177225.16	777488	225
ENSG00000049246.14	7784319	1424
ENSG00000162614.18	77888512	1709
ENSG00000162614.18	77888512	515
ENSG00000116288.12	7954290	753
ENSG00000116285.12	8026308	308
ENSG00000116285.12	8026308	1083
ENSG00000131142.13	8052766	5389
ENSG00000259040.5	8064364	3275
ENSG00000089818.16	8082210	5451
ENSG00000089818.16	8082210	4667
ENSG00000089818.16	8082210	425
ENSG00000179477.9	8087703	2218
ENSG00000265818.1	8102530	6279
ENSG00000182621.16	8114452	1197
ENSG00000179148.9	8119047	567
ENSG00000111729.12	8123631	2126
ENSG00000179111.8	8124092	3086
ENSG00000196946.9	8138136	5618
ENSG00000196946.9	8138136	4051
ENSG00000196946.9	8138136	1890
ENSG00000196946.9	8138136	4834
ENSG00000220205.8	8163546	2463
ENSG00000166405.14	8169055	20
ENSG00000166405.14	8169055	999
ENSG00000177504.10	8171267	2125
ENSG00000179029.14	8176399	2436
ENSG00000177666.15	818901	850
ENSG00000279152.1	8188932	986
ENSG00000196544.7	8190907	6501
ENSG00000090661.11	8206735	6343
ENSG00000281359.1	8216501	483
ENSG00000178921.13	8247617	9282
ENSG00000178921.13	8247617	8611
ENSG00000249242.7	82562357	1919
ENSG00000249242.7	82562357	2741
ENSG00000198844.10	8310240	1959
ENSG00000165494.10	83156987	6143
ENSG00000165494.10	83156987	5209
ENSG00000186994.11	8343262	6560
ENSG00000170381.12	83649010	8491
ENSG00000137941.16	83999150	385
ENSG00000142875.19	84078061	1235
ENSG00000117133.10	84479258	705
ENSG00000176371.13	84600985	2396
ENSG00000176371.13	84600985	1673
ENSG00000176371.13	84600985	3862
ENSG00000103187.7	84618077	832
ENSG00000103194.15	84699977	2431
ENSG00000103194.15	84699977	1593
ENSG00000103194.15	84699977	2110
ENSG00000140612.13	84716716	2178
ENSG00000140612.13	84716716	3577
ENSG00000140612.13	84716716	4567
ENSG00000112837.16	84764519	20206
ENSG00000176731.11	85220421	5114
ENSG00000176731.11	85220421	1908
ENSG00000176731.11	85220421	597
ENSG00000185015.7	85220586	475
ENSG00000185015.7	85220586	2583
ENSG00000147180.16	85244031	4000
ENSG00000147180.16	85244031	664
ENSG00000162642.13	85259672	113
ENSG00000180318.3	85280106	17009
ENSG00000180318.3	85280106	18089
ENSG00000152291.13	85328425	14427
ENSG00000168899.4	85584407	426
ENSG00000168894.9	85595724	3065
ENSG00000171204.12	85628572	174
ENSG00000117174.10	85708433	450
ENSG00000132305.20	86195770	3797
ENSG00000132305.20	86195770	1717
ENSG00000187753.12	86259657	1529
ENSG00000103241.6	86510526	9996
ENSG00000103241.6	86510526	9029
ENSG00000103241.6	86510526	7579
ENSG00000103241.6	86510526	5820
ENSG00000103241.6	86510526	3744
ENSG00000107779.11	86756649	1044
ENSG00000143013.12	87328467	1288
ENSG00000214562.13	87357667	11845
ENSG00000164414.16	87470622	22115
ENSG00000102271.13	87517748	5472
ENSG00000135336.14	87590066	4237
ENSG00000152592.13	87650306	6201
ENSG00000165300.7	87672614	10935
ENSG00000165300.7	87672614	12046
ENSG00000165300.7	87672614	12482
ENSG00000104731.13	87765992	14731
ENSG00000177992.9	87882825	14882
ENSG00000177992.9	87882825	19032
ENSG00000008277.14	87934142	15827
ENSG00000156345.17	87974753	6626
ENSG00000142599.17	8817643	687
ENSG00000134313.14	8837630	10697
ENSG00000276231.4	8867677	9612
ENSG00000147324.10	8893645	4538
ENSG00000147324.10	8893645	3116
ENSG00000181143.15	8981342	4253
ENSG00000181143.15	8981342	5014
ENSG00000141433.12	904942	857
ENSG00000141433.12	904942	128
ENSG00000198858.9	913245	3451
ENSG00000122482.20	91022272	90
ENSG00000173281.4	9151574	2274
ENSG00000097046.12	91500892	977
ENSG00000100796.17	91510554	26387
ENSG00000100796.17	91510554	54421
ENSG00000100796.17	91510554	58975
ENSG00000119938.8	91633054	58416
ENSG00000119938.8	91633054	54940
ENSG00000119938.8	91633054	50616
ENSG00000119938.8	91633054	48840
ENSG00000119938.8	91633054	41634
ENSG00000119938.8	91633054	38668
ENSG00000119938.8	91633054	32485
ENSG00000119938.8	91633054	28479
ENSG00000119938.8	91633054	11315
ENSG00000177138.15	9164639	1385
ENSG00000119938.8	91633054	18212
ENSG00000119938.8	91633054	40754
ENSG00000188000.3	9185593	4013
ENSG00000171621.13	9292879	1555
ENSG00000154511.11	92961522	768
ENSG00000228856.3	9363128	7125
ENSG00000228856.3	9363128	7778
ENSG00000228856.3	9363128	10446
ENSG00000205339.9	9384621	1304
ENSG00000137936.16	93847150	945
ENSG00000205339.9	9384621	3483
ENSG00000119185.12	9423547	10693
ENSG00000119203.13	9423567	4585
ENSG00000119203.13	9423567	5796
ENSG00000140093.9	94293271	6124
ENSG00000183560.8	94305592	5614
ENSG00000130950.13	94328644	1737
ENSG00000174652.17	9435578	2840
ENSG00000186146.1	9444533	3352
ENSG00000117528.11	94418454	1816
ENSG00000259916.1	94588521	1493
ENSG00000196136.16	94612383	433
ENSG00000185261.13	94618604	2216
ENSG00000057704.10	94650562	2921
ENSG00000242265.5	94656324	1574
ENSG00000258992.5	9466954	280
ENSG00000166025.17	94706430	139
ENSG00000125285.5	94712399	427
ENSG00000138696.10	94757967	14853
ENSG00000133937.4	94770230	12159
ENSG00000164941.13	94813310	21435
ENSG00000164941.13	94813310	12469
ENSG00000164941.13	94813310	11148
ENSG00000164941.13	94813310	10208
ENSG00000117519.15	94927278	606
ENSG00000117519.15	94927278	1552
ENSG00000117519.15	94927278	2127
ENSG00000138109.9	94938657	2505
ENSG00000164938.13	94949411	4300
ENSG00000164938.13	94949411	5610
ENSG00000172339.9	95072945	362
ENSG00000152078.9	95117337	772
ENSG00000236424.7	9527879	2945
ENSG00000188807.12	9588921	794
ENSG00000188976.10	959309	110
ENSG00000165244.6	96418329	2049
ENSG00000188596.9	96489570	12661
ENSG00000188596.9	96489570	8274
ENSG00000188596.9	96489570	5977
ENSG00000188596.9	96489570	4444
ENSG00000188596.9	96489570	3158
ENSG00000014123.9	96521594	2449
ENSG00000014123.9	96521594	1077
ENSG00000196843.15	96536742	2427
ENSG00000196843.15	96536742	718
ENSG00000196843.15	96536742	2501
ENSG00000147202.17	96684662	859
ENSG00000147202.17	96684662	105
ENSG00000168758.10	96870757	5187
ENSG00000188152.12	96928309	1812
ENSG00000113441.15	96935393	1959
ENSG00000155640.6	96981283	12743
ENSG00000171603.16	9824526	126
ENSG00000127445.13	9835256	193
ENSG00000178585.14	9910336	823
ENSG00000070190.12	99816832	8579
ENSG00000162688.15	99850083	910
